USER_ID,GENDER
1,female
2,male
3,male
4,male
5,male
6,female
7,female
8,male
9,male
10,male
11,female
12,male
13,male
14,female
15,male
16,female
17,female
18,male
19,male
20,female
21,female
22,male
23,female
24,male
25,male
26,male
27,female
28,male
29,male
30,male
31,female
32,male
33,female
34,female
35,male
36,female
37,male
38,male
39,female
40,female
41,male
42,male
43,female
44,female
45,male
46,female
47,male
48,female
49,female
50,male
51,female
52,male
53,female
54,male
55,female
56,female
57,male
58,male
59,male
60,female
61,male
62,female
63,male
64,female
65,female
66,female
67,male
68,male
69,female
70,female
71,female
72,female
73,female
74,female
75,female
76,female
77,male
78,female
79,male
80,female
81,male
82,female
83,male
84,male
85,female
86,male
87,male
88,male
89,female
90,female
91,female
92,female
93,male
94,male
95,male
96,female
97,female
98,female
99,male
100,male
101,male
102,female
103,male
104,male
105,female
106,female
107,male
108,male
109,female
110,female
111,female
112,male
113,female
114,female
115,male
116,male
117,female
118,female
119,male
120,female
121,male
122,male
123,female
124,female
125,male
126,female
127,male
128,male
129,male
130,female
131,female
132,female
133,female
134,male
135,male
136,male
137,male
138,male
139,female
140,female
141,female
142,male
143,male
144,female
145,male
146,male
147,male
148,female
149,female
150,male
151,male
152,male
153,female
154,female
155,female
156,female
157,female
158,male
159,male
160,male
161,female
162,male
163,female
164,female
165,male
166,male
167,female
168,male
169,male
170,female
171,female
172,male
173,female
174,female
175,female
176,male
177,female
178,female
179,female
180,male
181,male
182,male
183,male
184,female
185,female
186,female
187,male
188,male
189,female
190,female
191,male
192,female
193,female
194,male
195,female
196,female
197,female
198,male
199,male
200,male
201,male
202,female
203,male
204,female
205,female
206,male
207,male
208,male
209,female
210,female
211,male
212,female
213,male
214,female
215,male
216,female
217,male
218,male
219,male
220,male
221,female
222,female
223,male
224,female
225,male
226,male
227,male
228,male
229,female
230,female
231,female
232,male
233,female
234,female
235,male
236,female
237,male
238,female
239,male
240,male
241,male
242,male
243,female
244,male
245,female
246,female
247,male
248,male
249,female
250,male
251,female
252,male
253,female
254,female
255,male
256,male
257,male
258,female
259,female
260,female
261,male
262,female
263,female
264,female
265,female
266,female
267,female
268,female
269,female
270,female
271,male
272,male
273,male
274,female
275,male
276,female
277,male
278,female
279,male
280,male
281,female
282,male
283,female
284,male
285,male
286,female
287,male
288,male
289,male
290,female
291,male
292,female
293,female
294,male
295,male
296,male
297,female
298,female
299,female
300,male
301,female
302,female
303,male
304,male
305,male
306,female
307,male
308,female
309,female
310,female
311,male
312,male
313,male
314,male
315,male
316,male
317,male
318,male
319,female
320,female
321,female
322,female
323,male
324,male
325,male
326,female
327,female
328,female
329,male
330,male
331,male
332,female
333,male
334,male
335,female
336,male
337,female
338,male
339,male
340,female
341,male
342,male
343,male
344,female
345,female
346,female
347,female
348,male
349,female
350,female
351,female
352,male
353,male
354,male
355,female
356,female
357,female
358,female
359,male
360,male
361,female
362,male
363,male
364,male
365,female
366,female
367,female
368,female
369,female
370,male
371,male
372,male
373,female
374,male
375,female
376,male
377,female
378,female
379,male
380,male
381,male
382,male
383,male
384,female
385,female
386,male
387,female
388,male
389,male
390,male
391,female
392,male
393,female
394,female
395,female
396,female
397,female
398,male
399,female
400,female
401,male
402,female
403,female
404,female
405,male
406,female
407,male
408,female
409,male
410,female
411,male
412,female
413,male
414,female
415,male
416,male
417,male
418,female
419,female
420,male
421,male
422,female
423,male
424,male
425,male
426,female
427,male
428,male
429,female
430,male
431,female
432,female
433,female
434,male
435,male
436,male
437,male
438,female
439,male
440,female
441,male
443,male
444,male
445,male
446,female
447,female
448,female
449,female
450,female
451,male
452,female
453,male
454,male
455,male
456,male
457,male
458,male
459,male
460,male
461,female
462,female
463,male
464,female
465,female
466,female
467,male
468,female
469,female
470,female
471,male
472,male
473,male
474,male
475,male
476,female
477,male
478,female
479,female
480,male
481,male
482,female
483,female
484,male
485,male
486,female
487,female
488,female
489,male
490,male
491,male
492,male
493,male
494,male
495,female
496,female
497,male
498,male
499,female
500,male
501,male
502,female
503,female
504,male
505,female
506,male
507,male
508,female
509,female
510,male
511,female
512,female
513,female
514,female
515,male
516,male
517,female
518,female
519,female
520,female
521,female
522,male
523,male
524,female
525,male
526,male
527,male
528,female
529,female
530,female
531,male
532,male
533,female
534,male
535,female
536,male
537,female
538,female
539,female
540,female
541,male
542,male
543,male
544,female
545,female
546,female
547,male
548,male
549,female
550,male
551,female
552,male
553,female
554,male
555,female
556,male
557,female
558,female
559,male
560,male
561,female
562,male
563,male
564,male
565,female
566,female
567,female
568,female
569,male
570,female
571,male
572,male
573,male
574,female
575,female
576,male
577,female
578,male
579,male
580,female
581,male
582,male
583,male
584,male
585,female
586,male
587,female
588,female
589,male
590,female
591,female
592,female
593,female
594,male
595,male
596,male
597,male
598,female
599,female
600,male
601,female
602,female
603,male
604,male
605,male
606,female
607,male
608,male
609,male
610,male
